,file,is_fake
0,id12_0006.mp4,0
1,id13_0012.mp4,0
2,id4_0000.mp4,0
3,id13_0006.mp4,0
4,id1_0008.mp4,0
5,id12_0004.mp4,0
6,id3_0001.mp4,0
7,id12_0000.mp4,0
8,id3_0004.mp4,0
9,id9_0007.mp4,0
10,id13_0002.mp4,0
11,id9_0006.mp4,0
12,id3_0006.mp4,0
13,id2_0004.mp4,0
14,id10_0008.mp4,0
15,id2_0006.mp4,0
16,id11_0003.mp4,0
17,id17_0009.mp4,0
18,id16_0009.mp4,0
19,id2_0007.mp4,0
20,id12_0003.mp4,0
21,id4_0004.mp4,0
22,id12_0002.mp4,0
23,id7_0006.mp4,0
24,id10_0004.mp4,0
25,id9_0009.mp4,0
26,id4_0006.mp4,0
27,id13_0001.mp4,0
28,id4_0007.mp4,0
29,id13_0000.mp4,0
30,id17_0008.mp4,0
31,id16_0008.mp4,0
32,id13_0010.mp4,0
33,id13_0003.mp4,0
34,id13_0014.mp4,0
35,id9_0005.mp4,0
36,id12_0001.mp4,0
37,id13_0015.mp4,0
38,id0_0008.mp4,0
39,id1_0009.mp4,0
40,id13_0007.mp4,0
41,id13_0013.mp4,0
42,id4_0001.mp4,0
43,id12_0005.mp4,0
44,id0_0009.mp4,0
45,id4_0003.mp4,0
46,id13_0011.mp4,0
47,id13_0004.mp4,0
48,id13_0005.mp4,0
49,id4_0002.mp4,0
50,id3_0008.mp4,0
51,id16_0001.mp4,0
52,id0_0005.mp4,0
53,id17_0003.mp4,0
54,id1_0007.mp4,0
55,id0_0007.mp4,0
56,id17_0001.mp4,0
57,id6_0004.mp4,0
58,id13_0009.mp4,0
59,id16_0000.mp4,0
60,id17_0000.mp4,0
61,id1_0006.mp4,0
62,id16_0003.mp4,0
63,id1_0005.mp4,0
64,id9_0008.mp4,0
65,id10_0002.mp4,0
66,id11_0002.mp4,0
67,id7_0004.mp4,0
68,id0_0006.mp4,0
69,id8_0008.mp4,0
70,id13_0008.mp4,0
71,id2_0003.mp4,0
72,id0_0003.mp4,0
73,id16_0002.mp4,0
74,id1_0004.mp4,0
75,id0_0004.mp4,0
76,id0_0000.mp4,0
77,id16_0012.mp4,0
78,id17_0006.mp4,0
79,id17_0002.mp4,0
80,id10_0001.mp4,0
81,id7_0007.mp4,0
82,id8_0001.mp4,0
83,id9_0000.mp4,0
84,id17_0005.mp4,0
85,id2_0000.mp4,0
86,id8_0003.mp4,0
87,id9_0003.mp4,0
88,id3_0000.mp4,0
89,id16_0011.mp4,0
90,id8_0000.mp4,0
91,id2_0005.mp4,0
92,id3_0005.mp4,0
93,id10_0009.mp4,0
94,id4_0009.mp4,0
95,id11_0009.mp4,0
96,id2_0001.mp4,0
97,id11_0004.mp4,0
98,id6_0002.mp4,0
99,id11_0001.mp4,0
100,id6_0007.mp4,0
101,id1_0002.mp4,0
102,id16_0004.mp4,0
103,id7_0000.mp4,0
104,id10_0006.mp4,0
105,id17_0007.mp4,0
106,id0_0001.mp4,0
107,id1_0000.mp4,0
108,id16_0013.mp4,0
109,id1_0003.mp4,0
110,id1_0001.mp4,0
111,id16_0007.mp4,0
112,id7_0001.mp4,0
113,id10_0007.mp4,0
114,id2_0009.mp4,0
115,id6_0001.mp4,0
116,id11_0007.mp4,0
117,id2_0008.mp4,0
118,id11_0000.mp4,0
119,id4_0008.mp4,0
120,id0_0002.mp4,0
121,id16_0010.mp4,0
122,id3_0002.mp4,0
123,id9_0001.mp4,0
124,id7_0008.mp4,0
125,id6_0008.mp4,0
126,id6_0000.mp4,0
127,id11_0006.mp4,0
128,id8_0007.mp4,0
129,id11_0008.mp4,0
130,id7_0005.mp4,0
131,id10_0003.mp4,0
132,id6_0005.mp4,0
133,id8_0004.mp4,0
134,id8_0005.mp4,0
135,id3_0007.mp4,0
136,id9_0004.mp4,0
137,id4_0005.mp4,0
138,id6_0009.mp4,0
139,id3_0003.mp4,0
140,id16_0006.mp4,0
141,id8_0006.mp4,0
142,id8_0002.mp4,0
143,id9_0002.mp4,0
144,id8_0009.mp4,0
145,id7_0009.mp4,0
146,id10_0000.mp4,0
147,id17_0004.mp4,0
148,id6_0006.mp4,0
149,id3_0009.mp4,0
150,id7_0002.mp4,0
151,id16_0005.mp4,0
152,id2_0002.mp4,0
153,id10_0005.mp4,0
154,id11_0010.mp4,0
155,id11_0005.mp4,0
156,id7_0003.mp4,0
157,id6_0003.mp4,0
158,00070.mp4,0
159,00104.mp4,0
160,00058.mp4,0
161,00187.mp4,0
162,00147.mp4,0
163,00153.mp4,0
164,00152.mp4,0
165,00146.mp4,0
166,00201.mp4,0
167,00003.mp4,0
168,00188.mp4,0
169,00032.mp4,0
170,00215.mp4,0
171,00145.mp4,0
172,00075.mp4,0
173,00218.mp4,0
174,00026.mp4,0
175,00163.mp4,0
176,00185.mp4,0
177,00229.mp4,0
178,00177.mp4,0
179,00214.mp4,0
180,00228.mp4,0
181,00202.mp4,0
182,00216.mp4,0
183,00230.mp4,0
184,00002.mp4,0
185,00189.mp4,0
186,00016.mp4,0
187,00238.mp4,0
188,00005.mp4,0
189,00011.mp4,0
190,00039.mp4,0
191,00171.mp4,0
192,00031.mp4,0
193,00161.mp4,0
194,00049.mp4,0
195,00175.mp4,0
196,00190.mp4,0
197,00066.mp4,0
198,00225.mp4,0
199,00007.mp4,0
200,00207.mp4,0
201,00203.mp4,0
202,00217.mp4,0
203,00191.mp4,0
204,00029.mp4,0
205,00174.mp4,0
206,00176.mp4,0
207,00000.mp4,0
208,00148.mp4,0
209,00159.mp4,0
210,00200.mp4,0
211,00017.mp4,0
212,00014.mp4,0
213,00028.mp4,0
214,00224.mp4,0
215,00158.mp4,0
216,00170.mp4,0
217,00164.mp4,0
218,00206.mp4,0
219,00149.mp4,0
220,00165.mp4,0
221,00004.mp4,0
222,00015.mp4,0
223,00160.mp4,0
224,00212.mp4,0
225,00010.mp4,0
226,00249.mp4,0
227,00072.mp4,0
228,00112.mp4,0
229,00213.mp4,0
230,00013.mp4,0
231,00204.mp4,0
232,00006.mp4,0
233,00012.mp4,0
234,00105.mp4,0
235,00073.mp4,0
236,00117.mp4,0
237,00166.mp4,0
238,00038.mp4,0
239,00001.mp4,0
240,00172.mp4,0
241,00173.mp4,0
242,00167.mp4,0
243,00116.mp4,0
244,00210.mp4,0
245,00074.mp4,0
246,00060.mp4,0
247,00106.mp4,0
248,00239.mp4,0
249,00111.mp4,0
250,00100.mp4,0
251,00071.mp4,0
252,00067.mp4,0
253,00076.mp4,0
254,00198.mp4,0
255,00199.mp4,0
256,00129.mp4,0
257,00101.mp4,0
258,00128.mp4,0
259,00103.mp4,0
260,00248.mp4,0
261,00114.mp4,0
262,00065.mp4,0
263,00107.mp4,0
264,00089.mp4,0
265,00098.mp4,0
266,00205.mp4,0
267,00211.mp4,0
268,00088.mp4,0
269,00061.mp4,0
270,00063.mp4,0
271,00102.mp4,0
272,00139.mp4,0
273,00059.mp4,0
274,00064.mp4,0
275,00138.mp4,0
276,00110.mp4,0
277,00077.mp4,0
278,00048.mp4,0
279,00099.mp4,0
280,00062.mp4,0
281,00115.mp4,0
282,00113.mp4,0
283,00069.mp4,0
284,00134.mp4,0
285,00126.mp4,0
286,00047.mp4,0
287,00127.mp4,0
288,00133.mp4,0
289,00053.mp4,0
290,00168.mp4,0
291,00154.mp4,0
292,00183.mp4,0
293,00052.mp4,0
294,00046.mp4,0
295,00091.mp4,0
296,00085.mp4,0
297,00244.mp4,0
298,00246.mp4,0
299,00094.mp4,0
300,00080.mp4,0
301,00241.mp4,0
302,00245.mp4,0
303,00084.mp4,0
304,00036.mp4,0
305,00022.mp4,0
306,00181.mp4,0
307,00118.mp4,0
308,00119.mp4,0
309,00131.mp4,0
310,00125.mp4,0
311,00056.mp4,0
312,00136.mp4,0
313,00122.mp4,0
314,00123.mp4,0
315,00137.mp4,0
316,00057.mp4,0
317,00087.mp4,0
318,00078.mp4,0
319,00044.mp4,0
320,00050.mp4,0
321,00124.mp4,0
322,00130.mp4,0
323,00195.mp4,0
324,00042.mp4,0
325,00097.mp4,0
326,00197.mp4,0
327,00045.mp4,0
328,00079.mp4,0
329,00043.mp4,0
330,00020.mp4,0
331,00008.mp4,0
332,00157.mp4,0
333,00156.mp4,0
334,00143.mp4,0
335,00194.mp4,0
336,00086.mp4,0
337,00092.mp4,0
338,00090.mp4,0
339,00235.mp4,0
340,00221.mp4,0
341,00132.mp4,0
342,00223.mp4,0
343,00150.mp4,0
344,00093.mp4,0
345,00209.mp4,0
346,00237.mp4,0
347,00155.mp4,0
348,00196.mp4,0
349,00169.mp4,0
350,00021.mp4,0
351,00035.mp4,0
352,00182.mp4,0
353,00023.mp4,0
354,00034.mp4,0
355,00222.mp4,0
356,00051.mp4,0
357,00247.mp4,0
358,00232.mp4,0
359,00024.mp4,0
360,00236.mp4,0
361,00018.mp4,0
362,00193.mp4,0
363,00180.mp4,0
364,00030.mp4,0
365,00142.mp4,0
366,00141.mp4,0
367,00178.mp4,0
368,00144.mp4,0
369,00179.mp4,0
370,00019.mp4,0
371,00227.mp4,0
372,00233.mp4,0
373,00231.mp4,0
374,00025.mp4,0
375,00162.mp4,0
376,00226.mp4,0
377,00208.mp4,0
378,00037.mp4,0
379,00009.mp4,0
380,00033.mp4,0
381,00184.mp4,0
382,00219.mp4,0
383,00027.mp4,0
384,00186.mp4,0
385,00192.mp4,0
386,00151.mp4,0
387,00234.mp4,0
388,00068.mp4,0
389,00082.mp4,0
390,00140.mp4,0
391,00040.mp4,0
392,00083.mp4,0
393,00054.mp4,0
394,00120.mp4,0
395,00108.mp4,0
396,00220.mp4,0
397,00109.mp4,0
398,00121.mp4,0
399,00055.mp4,0
400,00135.mp4,0
401,00041.mp4,0
402,00243.mp4,0
403,00096.mp4,0
404,00081.mp4,0
405,00240.mp4,0
406,00242.mp4,0
407,00095.mp4,0
408,id1_id4_0006.mp4,1
409,id2_id0_0004.mp4,1
410,id10_id12_0004.mp4,1
411,id4_id0_0003.mp4,1
412,id2_id1_0004.mp4,1
413,id6_id4_0005.mp4,1
414,id1_id9_0000.mp4,1
415,id1_id4_0005.mp4,1
416,id10_id12_0007.mp4,1
417,id10_id13_0007.mp4,1
418,id9_id6_0002.mp4,1
419,id0_id4_0006.mp4,1
420,id3_id1_0004.mp4,1
421,id3_id0_0004.mp4,1
422,id2_id0_0007.mp4,1
423,id2_id1_0007.mp4,1
424,id10_id13_0003.mp4,1
425,id10_id12_0001.mp4,1
426,id1_id2_0001.mp4,1
427,id1_id2_0002.mp4,1
428,id1_id2_0003.mp4,1
429,id6_id4_0007.mp4,1
430,id4_id0_0000.mp4,1
431,id4_id0_0001.mp4,1
432,id1_id3_0001.mp4,1
433,id4_id0_0002.mp4,1
434,id6_id9_0000.mp4,1
435,id1_id3_0002.mp4,1
436,id6_id9_0001.mp4,1
437,id1_id3_0003.mp4,1
438,id9_id6_0000.mp4,1
439,id0_id16_0008.mp4,1
440,id17_id0_0009.mp4,1
441,id4_id0_0004.mp4,1
442,id9_id6_0001.mp4,1
443,id0_id16_0009.mp4,1
444,id4_id0_0005.mp4,1
445,id13_id7_0004.mp4,1
446,id4_id0_0006.mp4,1
447,id9_id6_0004.mp4,1
448,id13_id7_0005.mp4,1
449,id1_id4_0001.mp4,1
450,id4_id0_0007.mp4,1
451,id9_id6_0005.mp4,1
452,id13_id7_0007.mp4,1
453,id1_id4_0002.mp4,1
454,id17_id16_0009.mp4,1
455,id2_id1_0000.mp4,1
456,id9_id6_0006.mp4,1
457,id1_id4_0003.mp4,1
458,id2_id1_0001.mp4,1
459,id1_id4_0004.mp4,1
460,id4_id1_0000.mp4,1
461,id2_id1_0002.mp4,1
462,id6_id17_0001.mp4,1
463,id9_id6_0007.mp4,1
464,id2_id1_0003.mp4,1
465,id4_id1_0001.mp4,1
466,id6_id17_0002.mp4,1
467,id13_id7_0011.mp4,1
468,id2_id1_0005.mp4,1
469,id1_id4_0007.mp4,1
470,id4_id1_0002.mp4,1
471,id2_id1_0006.mp4,1
472,id13_id7_0012.mp4,1
473,id17_id1_0009.mp4,1
474,id4_id1_0003.mp4,1
475,id4_id1_0004.mp4,1
476,id4_id1_0005.mp4,1
477,id17_id2_0004.mp4,1
478,id17_id2_0006.mp4,1
479,id4_id1_0007.mp4,1
480,id0_id3_0004.mp4,1
481,id9_id16_0008.mp4,1
482,id2_id9_0009.mp4,1
483,id0_id3_0005.mp4,1
484,id9_id16_0009.mp4,1
485,id3_id0_0000.mp4,1
486,id3_id0_0001.mp4,1
487,id16_id0_0009.mp4,1
488,id3_id0_0002.mp4,1
489,id3_id0_0003.mp4,1
490,id0_id3_0007.mp4,1
491,id1_id16_0006.mp4,1
492,id3_id0_0005.mp4,1
493,id1_id16_0007.mp4,1
494,id3_id0_0007.mp4,1
495,id16_id17_0000.mp4,1
496,id0_id4_0000.mp4,1
497,id16_id17_0002.mp4,1
498,id0_id4_0001.mp4,1
499,id16_id17_0003.mp4,1
500,id0_id4_0002.mp4,1
501,id16_id17_0004.mp4,1
502,id17_id9_0004.mp4,1
503,id0_id4_0004.mp4,1
504,id1_id17_0006.mp4,1
505,id16_id17_0005.mp4,1
506,id1_id17_0007.mp4,1
507,id16_id17_0006.mp4,1
508,id9_id17_0008.mp4,1
509,id0_id4_0005.mp4,1
510,id3_id1_0007.mp4,1
511,id16_id17_0007.mp4,1
512,id9_id17_0009.mp4,1
513,id16_id17_0010.mp4,1
514,id16_id17_0011.mp4,1
515,id16_id17_0012.mp4,1
516,id16_id17_0013.mp4,1
517,id2_id0_0000.mp4,1
518,id1_id0_0009.mp4,1
519,id2_id0_0001.mp4,1
520,id2_id0_0002.mp4,1
521,id2_id0_0003.mp4,1
522,id2_id0_0005.mp4,1
523,id16_id1_0009.mp4,1
524,id7_id10_0009.mp4,1
525,id3_id4_0008.mp4,1
526,id8_id2_0008.mp4,1
527,id2_id16_0001.mp4,1
528,id16_id2_0000.mp4,1
529,id4_id6_0005.mp4,1
530,id4_id6_0006.mp4,1
531,id0_id17_0009.mp4,1
532,id3_id6_0005.mp4,1
533,id4_id6_0007.mp4,1
534,id3_id6_0006.mp4,1
535,id16_id2_0003.mp4,1
536,id8_id3_0008.mp4,1
537,id3_id6_0007.mp4,1
538,id7_id11_0009.mp4,1
539,id8_id5_0008.mp4,1
540,id7_id12_0004.mp4,1
541,id7_id12_0005.mp4,1
542,id2_id17_0002.mp4,1
543,id8_id6_0002.mp4,1
544,id16_id3_0000.mp4,1
545,id8_id6_0007.mp4,1
546,id2_id3_0008.mp4,1
547,id16_id3_0001.mp4,1
548,id0_id1_0009.mp4,1
549,id8_id7_0002.mp4,1
550,id7_id13_0005.mp4,1
551,id8_id7_0003.mp4,1
552,id7_id13_0006.mp4,1
553,id8_id7_0007.mp4,1
554,id7_id12_0007.mp4,1
555,id7_id13_0007.mp4,1
556,id3_id1_0001.mp4,1
557,id8_id1_0003.mp4,1
558,id3_id1_0002.mp4,1
559,id0_id2_0004.mp4,1
560,id2_id4_0008.mp4,1
561,id3_id1_0003.mp4,1
562,id2_id4_0009.mp4,1
563,id8_id0_0002.mp4,1
564,id0_id2_0005.mp4,1
565,id3_id1_0005.mp4,1
566,id8_id0_0003.mp4,1
567,id2_id6_0003.mp4,1
568,id8_id9_0008.mp4,1
569,id6_id0_0008.mp4,1
570,id10_id12_0003.mp4,1
571,id8_id1_0002.mp4,1
572,id0_id4_0003.mp4,1
573,id6_id0_0009.mp4,1
574,id10_id12_0005.mp4,1
575,id10_id12_0006.mp4,1
576,id10_id12_0002.mp4,1
577,id10_id13_0001.mp4,1
578,id6_id16_0002.mp4,1
579,id9_id0_0005.mp4,1
580,id10_id13_0002.mp4,1
581,id6_id16_0003.mp4,1
582,id16_id9_0001.mp4,1
583,id10_id13_0004.mp4,1
584,id16_id9_0002.mp4,1
585,id10_id13_0005.mp4,1
586,id10_id13_0006.mp4,1
587,id16_id9_0003.mp4,1
588,id6_id1_0008.mp4,1
589,id6_id1_0009.mp4,1
590,id9_id1_0004.mp4,1
591,id1_id4_0000.mp4,1
592,id12_id10_0001.mp4,1
593,id9_id1_0005.mp4,1
594,id2_id0_0006.mp4,1
595,id2_id6_0001.mp4,1
596,id2_id9_0008.mp4,1
597,id12_id7_0001.mp4,1
598,id3_id1_0006.mp4,1
599,id12_id7_0002.mp4,1
600,id0_id9_0007.mp4,1
601,id9_id2_0008.mp4,1
602,id9_id2_0009.mp4,1
603,id6_id4_0001.mp4,1
604,id9_id3_0008.mp4,1
605,id6_id4_0004.mp4,1
606,id9_id3_0009.mp4,1
607,id6_id4_0006.mp4,1
608,id6_id9_0007.mp4,1
609,id3_id16_0009.mp4,1
610,id16_id2_0004.mp4,1
611,id10_id7_0008.mp4,1
612,id6_id3_0004.mp4,1
613,id9_id0_0003.mp4,1
614,id0_id3_0003.mp4,1
615,id0_id9_0000.mp4,1
616,id3_id17_0008.mp4,1
617,id2_id17_0004.mp4,1
618,id16_id3_0013.mp4,1
619,id6_id3_0007.mp4,1
620,id7_id13_0001.mp4,1
621,id6_id17_0005.mp4,1
622,id16_id2_0007.mp4,1
623,id6_id16_0005.mp4,1
624,id17_id9_0003.mp4,1
625,id12_id7_0005.mp4,1
626,id0_id2_0003.mp4,1
627,id0_id2_0001.mp4,1
628,id6_id2_0006.mp4,1
629,id1_id9_0005.mp4,1
630,id3_id2_0009.mp4,1
631,id6_id17_0007.mp4,1
632,id6_id2_0004.mp4,1
633,id16_id2_0005.mp4,1
634,id16_id3_0011.mp4,1
635,id4_id6_0001.mp4,1
636,id16_id3_0007.mp4,1
637,id4_id6_0003.mp4,1
638,id0_id6_0009.mp4,1
639,id1_id9_0007.mp4,1
640,id13_id7_0000.mp4,1
641,id17_id3_0000.mp4,1
642,id1_id16_0001.mp4,1
643,id13_id7_0002.mp4,1
644,id1_id17_0001.mp4,1
645,id2_id16_0004.mp4,1
646,id2_id6_0006.mp4,1
647,id9_id4_0009.mp4,1
648,id4_id9_0008.mp4,1
649,id16_id9_0010.mp4,1
650,id16_id9_0004.mp4,1
651,id13_id7_0003.mp4,1
652,id2_id6_0007.mp4,1
653,id1_id3_0005.mp4,1
654,id3_id9_0008.mp4,1
655,id3_id9_0009.mp4,1
656,id1_id2_0005.mp4,1
657,id1_id2_0004.mp4,1
658,id16_id2_0013.mp4,1
659,id3_id6_0001.mp4,1
660,id0_id3_0001.mp4,1
661,id17_id2_0000.mp4,1
662,id6_id3_0003.mp4,1
663,id2_id6_0002.mp4,1
664,id16_id9_0000.mp4,1
665,id1_id2_0000.mp4,1
666,id1_id3_0000.mp4,1
667,id6_id9_0006.mp4,1
668,id16_id2_0006.mp4,1
669,id0_id2_0002.mp4,1
670,id3_id6_0000.mp4,1
671,id12_id7_0004.mp4,1
672,id7_id12_0000.mp4,1
673,id0_id3_0002.mp4,1
674,id17_id9_0002.mp4,1
675,id7_id13_0000.mp4,1
676,id16_id3_0012.mp4,1
677,id9_id0_0004.mp4,1
678,id6_id2_0005.mp4,1
679,id6_id3_0005.mp4,1
680,id17_id2_0001.mp4,1
681,id2_id16_0005.mp4,1
682,id13_id10_0008.mp4,1
683,id17_id3_0001.mp4,1
684,id6_id16_0000.mp4,1
685,id16_id3_0002.mp4,1
686,id6_id17_0000.mp4,1
687,id4_id6_0000.mp4,1
688,id11_id7_0008.mp4,1
689,id6_id16_0004.mp4,1
690,id1_id9_0006.mp4,1
691,id1_id9_0002.mp4,1
692,id16_id2_0012.mp4,1
693,id16_id3_0006.mp4,1
694,id1_id3_0004.mp4,1
695,id11_id7_0009.mp4,1
696,id6_id16_0001.mp4,1
697,id16_id3_0003.mp4,1
698,id2_id17_0001.mp4,1
699,id12_id10_0002.mp4,1
700,id2_id3_0009.mp4,1
701,id3_id6_0004.mp4,1
702,id0_id9_0005.mp4,1
703,id16_id17_0001.mp4,1
704,id1_id16_0000.mp4,1
705,id9_id4_0008.mp4,1
706,id16_id9_0005.mp4,1
707,id8_id6_0003.mp4,1
708,id4_id1_0006.mp4,1
709,id16_id9_0011.mp4,1
710,id12_id7_0000.mp4,1
711,id9_id1_0002.mp4,1
712,id2_id17_0005.mp4,1
713,id12_id10_0006.mp4,1
714,id4_id6_0004.mp4,1
715,id17_id9_0006.mp4,1
716,id6_id9_0002.mp4,1
717,id17_id2_0007.mp4,1
718,id2_id17_0003.mp4,1
719,id6_id2_0003.mp4,1
720,id1_id16_0005.mp4,1
721,id1_id17_0005.mp4,1
722,id9_id0_0007.mp4,1
723,id10_id11_0008.mp4,1
724,id6_id17_0004.mp4,1
725,id3_id0_0006.mp4,1
726,id16_id2_0001.mp4,1
727,id1_id9_0001.mp4,1
728,id1_id9_0003.mp4,1
729,id1_id17_0000.mp4,1
730,id17_id2_0005.mp4,1
731,id6_id3_0001.mp4,1
732,id0_id9_0001.mp4,1
733,id16_id2_0002.mp4,1
734,id17_id3_0007.mp4,1
735,id2_id16_0003.mp4,1
736,id7_id13_0004.mp4,1
737,id2_id16_0000.mp4,1
738,id0_id3_0006.mp4,1
739,id6_id2_0002.mp4,1
740,id0_id2_0007.mp4,1
741,id16_id6_0009.mp4,1
742,id6_id9_0003.mp4,1
743,id0_id9_0006.mp4,1
744,id2_id16_0002.mp4,1
745,id6_id17_0003.mp4,1
746,id17_id3_0006.mp4,1
747,id17_id3_0004.mp4,1
748,id17_id9_0007.mp4,1
749,id6_id3_0002.mp4,1
750,id0_id2_0006.mp4,1
751,id2_id17_0000.mp4,1
752,id6_id3_0000.mp4,1
753,id6_id2_0001.mp4,1
754,id1_id17_0004.mp4,1
755,id1_id16_0004.mp4,1
756,id9_id0_0006.mp4,1
757,id9_id1_0006.mp4,1
758,id1_id6_0009.mp4,1
759,id17_id9_0005.mp4,1
760,id17_id3_0005.mp4,1
761,id6_id2_0000.mp4,1
762,id6_id2_0008.mp4,1
763,id2_id9_0000.mp4,1
764,id9_id4_0005.mp4,1
765,id3_id17_0007.mp4,1
766,id0_id16_0000.mp4,1
767,id2_id9_0007.mp4,1
768,id1_id6_0006.mp4,1
769,id4_id3_0006.mp4,1
770,id4_id2_0006.mp4,1
771,id9_id4_0007.mp4,1
772,id10_id11_0002.mp4,1
773,id17_id6_0004.mp4,1
774,id4_id9_0006.mp4,1
775,id3_id2_0007.mp4,1
776,id3_id9_0004.mp4,1
777,id0_id17_0003.mp4,1
778,id0_id16_0003.mp4,1
779,id10_id7_0005.mp4,1
780,id1_id6_0001.mp4,1
781,id3_id16_0005.mp4,1
782,id3_id17_0005.mp4,1
783,id6_id16_0006.mp4,1
784,id16_id2_0010.mp4,1
785,id2_id16_0008.mp4,1
786,id4_id2_0008.mp4,1
787,id4_id3_0007.mp4,1
788,id16_id3_0004.mp4,1
789,id16_id3_0009.mp4,1
790,id3_id2_0005.mp4,1
791,id8_id5_0003.mp4,1
792,id3_id9_0007.mp4,1
793,id0_id16_0001.mp4,1
794,id0_id17_0001.mp4,1
795,id1_id9_0009.mp4,1
796,id0_id17_0000.mp4,1
797,id3_id9_0006.mp4,1
798,id4_id3_0008.mp4,1
799,id6_id9_0004.mp4,1
800,id7_id12_0002.mp4,1
801,id17_id9_0000.mp4,1
802,id12_id7_0006.mp4,1
803,id0_id16_0002.mp4,1
804,id3_id9_0005.mp4,1
805,id0_id17_0002.mp4,1
806,id1_id2_0009.mp4,1
807,id1_id3_0009.mp4,1
808,id3_id16_0004.mp4,1
809,id10_id7_0004.mp4,1
810,id3_id17_0004.mp4,1
811,id13_id10_0007.mp4,1
812,id2_id3_0002.mp4,1
813,id1_id6_0000.mp4,1
814,id2_id6_0008.mp4,1
815,id2_id3_0003.mp4,1
816,id4_id9_0007.mp4,1
817,id9_id4_0006.mp4,1
818,id17_id6_0005.mp4,1
819,id13_id10_0012.mp4,1
820,id10_id11_0003.mp4,1
821,id6_id16_0008.mp4,1
822,id6_id17_0008.mp4,1
823,id16_id6_0000.mp4,1
824,id0_id6_0007.mp4,1
825,id3_id6_0002.mp4,1
826,id3_id2_0006.mp4,1
827,id2_id6_0009.mp4,1
828,id2_id9_0001.mp4,1
829,id10_id11_0001.mp4,1
830,id9_id0_0000.mp4,1
831,id12_id10_0004.mp4,1
832,id3_id17_0009.mp4,1
833,id0_id9_0003.mp4,1
834,id0_id2_0000.mp4,1
835,id0_id3_0000.mp4,1
836,id7_id13_0002.mp4,1
837,id10_id7_0009.mp4,1
838,id6_id17_0006.mp4,1
839,id3_id2_0008.mp4,1
840,id4_id6_0002.mp4,1
841,id8_id0_0007.mp4,1
842,id1_id9_0004.mp4,1
843,id11_id7_0003.mp4,1
844,id8_id1_0007.mp4,1
845,id16_id3_0010.mp4,1
846,id1_id16_0002.mp4,1
847,id2_id17_0007.mp4,1
848,id16_id9_0007.mp4,1
849,id9_id1_0000.mp4,1
850,id2_id16_0007.mp4,1
851,id3_id6_0003.mp4,1
852,id1_id17_0002.mp4,1
853,id17_id3_0003.mp4,1
854,id6_id2_0007.mp4,1
855,id16_id9_0013.mp4,1
856,id6_id9_0005.mp4,1
857,id6_id16_0007.mp4,1
858,id16_id3_0005.mp4,1
859,id9_id1_0001.mp4,1
860,id9_id0_0001.mp4,1
861,id12_id10_0005.mp4,1
862,id0_id9_0002.mp4,1
863,id3_id16_0008.mp4,1
864,id1_id16_0003.mp4,1
865,id6_id3_0006.mp4,1
866,id16_id9_0012.mp4,1
867,id1_id17_0003.mp4,1
868,id2_id17_0006.mp4,1
869,id17_id3_0002.mp4,1
870,id17_id2_0002.mp4,1
871,id2_id16_0006.mp4,1
872,id16_id9_0006.mp4,1
873,id2_id6_0004.mp4,1
874,id17_id2_0003.mp4,1
875,id13_id7_0015.mp4,1
876,id17_id6_0009.mp4,1
877,id1_id3_0006.mp4,1
878,id4_id2_0009.mp4,1
879,id2_id6_0005.mp4,1
880,id13_id7_0001.mp4,1
881,id1_id2_0007.mp4,1
882,id1_id2_0006.mp4,1
883,id16_id2_0011.mp4,1
884,id17_id9_0001.mp4,1
885,id4_id3_0009.mp4,1
886,id1_id3_0007.mp4,1
887,id8_id0_0008.mp4,1
888,id6_id17_0009.mp4,1
889,id6_id16_0009.mp4,1
890,id16_id6_0001.mp4,1
891,id8_id5_0002.mp4,1
892,id4_id2_0007.mp4,1
893,id2_id9_0002.mp4,1
894,id13_id10_0011.mp4,1
895,id4_id9_0004.mp4,1
896,id11_id7_0000.mp4,1
897,id0_id6_0006.mp4,1
898,id3_id2_0004.mp4,1
899,id11_id7_0002.mp4,1
900,id16_id6_0002.mp4,1
901,id4_id3_0004.mp4,1
902,id6_id9_0008.mp4,1
903,id4_id2_0004.mp4,1
904,id17_id6_0002.mp4,1
905,id13_id10_0005.mp4,1
906,id17_id6_0006.mp4,1
907,id2_id17_0008.mp4,1
908,id6_id3_0008.mp4,1
909,id6_id9_0009.mp4,1
910,id4_id3_0005.mp4,1
911,id16_id6_0003.mp4,1
912,id4_id2_0005.mp4,1
913,id16_id2_0009.mp4,1
914,id17_id6_0003.mp4,1
915,id7_id11_0007.mp4,1
916,id0_id1_0005.mp4,1
917,id17_id1_0006.mp4,1
918,id6_id0_0002.mp4,1
919,id6_id1_0002.mp4,1
920,id9_id2_0006.mp4,1
921,id9_id3_0006.mp4,1
922,id8_id6_0008.mp4,1
923,id8_id7_0008.mp4,1
924,id6_id4_0008.mp4,1
925,id1_id0_0002.mp4,1
926,id2_id4_0000.mp4,1
927,id1_id0_0001.mp4,1
928,id10_id13_0008.mp4,1
929,id8_id9_0003.mp4,1
930,id2_id4_0003.mp4,1
931,id8_id9_0002.mp4,1
932,id10_id12_0008.mp4,1
933,id2_id3_0004.mp4,1
934,id8_id3_0002.mp4,1
935,id9_id16_0004.mp4,1
936,id16_id0_0001.mp4,1
937,id8_id2_0002.mp4,1
938,id2_id1_0009.mp4,1
939,id17_id16_0004.mp4,1
940,id7_id10_0007.mp4,1
941,id9_id3_0005.mp4,1
942,id9_id2_0005.mp4,1
943,id16_id1_0001.mp4,1
944,id17_id0_0004.mp4,1
945,id7_id11_0005.mp4,1
946,id6_id0_0000.mp4,1
947,id3_id4_0005.mp4,1
948,id0_id1_0007.mp4,1
949,id17_id16_0006.mp4,1
950,id9_id16_0006.mp4,1
951,id9_id17_0006.mp4,1
952,id17_id1_0004.mp4,1
953,id7_id10_0005.mp4,1
954,id8_id3_0003.mp4,1
955,id3_id4_0006.mp4,1
956,id6_id1_0003.mp4,1
957,id9_id17_0005.mp4,1
958,id17_id16_0005.mp4,1
959,id8_id2_0003.mp4,1
960,id7_id11_0006.mp4,1
961,id9_id16_0007.mp4,1
962,id16_id1_0002.mp4,1
963,id2_id4_0001.mp4,1
964,id1_id0_0003.mp4,1
965,id1_id4_0009.mp4,1
966,id17_id1_0007.mp4,1
967,id6_id0_0003.mp4,1
968,id9_id3_0004.mp4,1
969,id9_id2_0004.mp4,1
970,id16_id0_0000.mp4,1
971,id16_id1_0000.mp4,1
972,id16_id0_0002.mp4,1
973,id9_id17_0007.mp4,1
974,id0_id1_0006.mp4,1
975,id2_id0_0009.mp4,1
976,id9_id17_0004.mp4,1
977,id6_id4_0009.mp4,1
978,id6_id1_0001.mp4,1
979,id17_id1_0005.mp4,1
980,id7_id10_0004.mp4,1
981,id16_id17_0009.mp4,1
982,id17_id0_0007.mp4,1
983,id6_id0_0001.mp4,1
984,id17_id16_0007.mp4,1
985,id7_id11_0004.mp4,1
986,id16_id1_0007.mp4,1
987,id16_id0_0003.mp4,1
988,id9_id17_0002.mp4,1
989,id16_id1_0013.mp4,1
990,id9_id16_0002.mp4,1
991,id16_id0_0007.mp4,1
992,id16_id0_0013.mp4,1
993,id7_id10_0001.mp4,1
994,id0_id4_0009.mp4,1
995,id17_id0_0006.mp4,1
996,id9_id3_0007.mp4,1
997,id9_id2_0007.mp4,1
998,id2_id0_0008.mp4,1
999,id2_id1_0008.mp4,1
1000,id2_id4_0002.mp4,1
1001,id7_id11_0000.mp4,1
1002,id0_id1_0002.mp4,1
1003,id16_id1_0006.mp4,1
1004,id17_id1_0001.mp4,1
1005,id17_id16_0003.mp4,1
1006,id9_id2_0002.mp4,1
1007,id6_id0_0005.mp4,1
1008,id16_id1_0012.mp4,1
1009,id9_id3_0002.mp4,1
1010,id16_id0_0012.mp4,1
1011,id3_id17_0001.mp4,1
1012,id1_id0_0005.mp4,1
1013,id17_id0_0001.mp4,1
1014,id9_id6_0008.mp4,1
1015,id8_id9_0007.mp4,1
1016,id2_id4_0007.mp4,1
1017,id9_id6_0009.mp4,1
1018,id3_id1_0008.mp4,1
1019,id7_id11_0002.mp4,1
1020,id7_id10_0002.mp4,1
1021,id16_id1_0004.mp4,1
1022,id16_id0_0004.mp4,1
1023,id16_id0_0010.mp4,1
1024,id16_id1_0010.mp4,1
1025,id0_id1_0000.mp4,1
1026,id17_id16_0001.mp4,1
1027,id3_id0_0008.mp4,1
1028,id9_id16_0001.mp4,1
1029,id9_id16_0003.mp4,1
1030,id8_id2_0007.mp4,1
1031,id9_id17_0003.mp4,1
1032,id0_id1_0003.mp4,1
1033,id17_id1_0000.mp4,1
1034,id7_id11_0001.mp4,1
1035,id6_id0_0004.mp4,1
1036,id2_id4_0006.mp4,1
1037,id17_id16_0002.mp4,1
1038,id3_id4_0004.mp4,1
1039,id9_id16_0005.mp4,1
1040,id9_id4_0002.mp4,1
1041,id9_id0_0008.mp4,1
1042,id9_id1_0008.mp4,1
1043,id1_id6_0005.mp4,1
1044,id2_id3_0007.mp4,1
1045,id17_id0_0000.mp4,1
1046,id6_id1_0004.mp4,1
1047,id3_id2_0000.mp4,1
1048,id0_id6_0002.mp4,1
1049,id9_id17_0001.mp4,1
1050,id4_id9_0003.mp4,1
1051,id10_id7_0001.mp4,1
1052,id16_id1_0003.mp4,1
1053,id9_id2_0001.mp4,1
1054,id9_id3_0001.mp4,1
1055,id4_id0_0009.mp4,1
1056,id4_id1_0009.mp4,1
1057,id17_id0_0002.mp4,1
1058,id17_id1_0002.mp4,1
1059,id6_id1_0006.mp4,1
1060,id16_id0_0005.mp4,1
1061,id17_id1_0003.mp4,1
1062,id6_id0_0007.mp4,1
1063,id9_id2_0000.mp4,1
1064,id17_id0_0003.mp4,1
1065,id1_id0_0007.mp4,1
1066,id4_id0_0008.mp4,1
1067,id1_id0_0006.mp4,1
1068,id6_id1_0000.mp4,1
1069,id6_id1_0007.mp4,1
1070,id9_id3_0000.mp4,1
1071,id1_id0_0000.mp4,1
1072,id17_id0_0005.mp4,1
1073,id0_id1_0001.mp4,1
1074,id9_id16_0000.mp4,1
1075,id16_id6_0013.mp4,1
1076,id3_id2_0001.mp4,1
1077,id0_id2_0009.mp4,1
1078,id11_id7_0007.mp4,1
1079,id4_id3_0001.mp4,1
1080,id4_id2_0001.mp4,1
1081,id17_id9_0009.mp4,1
1082,id16_id6_0007.mp4,1
1083,id4_id2_0002.mp4,1
1084,id11_id7_0010.mp4,1
1085,id3_id2_0002.mp4,1
1086,id4_id6_0008.mp4,1
1087,id11_id7_0004.mp4,1
1088,id3_id4_0001.mp4,1
1089,id0_id6_0000.mp4,1
1090,id3_id4_0003.mp4,1
1091,id3_id1_0009.mp4,1
1092,id16_id1_0011.mp4,1
1093,id3_id0_0009.mp4,1
1094,id16_id1_0005.mp4,1
1095,id16_id0_0011.mp4,1
1096,id7_id10_0003.mp4,1
1097,id13_id10_0003.mp4,1
1098,id9_id0_0009.mp4,1
1099,id1_id6_0004.mp4,1
1100,id3_id16_0000.mp4,1
1101,id10_id11_0006.mp4,1
1102,id4_id9_0002.mp4,1
1103,id0_id3_0009.mp4,1
1104,id9_id1_0009.mp4,1
1105,id3_id17_0000.mp4,1
1106,id2_id3_0006.mp4,1
1107,id17_id6_0001.mp4,1
1108,id3_id9_0003.mp4,1
1109,id13_id7_0009.mp4,1
1110,id13_id7_0008.mp4,1
1111,id0_id16_0004.mp4,1
1112,id3_id9_0002.mp4,1
1113,id0_id16_0005.mp4,1
1114,id0_id2_0008.mp4,1
1115,id0_id3_0008.mp4,1
1116,id1_id0_0004.mp4,1
1117,id6_id1_0005.mp4,1
1118,id3_id16_0001.mp4,1
1119,id2_id9_0003.mp4,1
1120,id16_id0_0006.mp4,1
1121,id2_id3_0000.mp4,1
1122,id1_id6_0002.mp4,1
1123,id3_id17_0006.mp4,1
1124,id6_id0_0006.mp4,1
1125,id10_id7_0006.mp4,1
1126,id1_id6_0007.mp4,1
1127,id13_id10_0014.mp4,1
1128,id10_id7_0003.mp4,1
1129,id3_id6_0008.mp4,1
1130,id3_id17_0003.mp4,1
1131,id16_id6_0004.mp4,1
1132,id8_id4_0007.mp4,1
1133,id4_id3_0002.mp4,1
1134,id2_id9_0006.mp4,1
1135,id16_id6_0010.mp4,1
1136,id2_id3_0005.mp4,1
1137,id0_id9_0009.mp4,1
1138,id8_id3_0007.mp4,1
1139,id4_id1_0008.mp4,1
1140,id0_id17_0005.mp4,1
1141,id8_id5_0007.mp4,1
1142,id17_id16_0000.mp4,1
1143,id1_id6_0003.mp4,1
1144,id9_id17_0000.mp4,1
1145,id13_id10_0000.mp4,1
1146,id17_id3_0009.mp4,1
1147,id10_id11_0005.mp4,1
1148,id17_id2_0009.mp4,1
1149,id4_id9_0001.mp4,1
1150,id9_id4_0000.mp4,1
1151,id0_id9_0008.mp4,1
1152,id3_id16_0002.mp4,1
1153,id9_id4_0004.mp4,1
1154,id16_id9_0009.mp4,1
1155,id4_id2_0000.mp4,1
1156,id4_id3_0000.mp4,1
1157,id16_id6_0012.mp4,1
1158,id2_id9_0004.mp4,1
1159,id16_id6_0006.mp4,1
1160,id2_id9_0005.mp4,1
1161,id17_id6_0000.mp4,1
1162,id10_id11_0007.mp4,1
1163,id8_id1_0008.mp4,1
1164,id3_id9_0001.mp4,1
1165,id0_id16_0007.mp4,1
1166,id0_id17_0007.mp4,1
1167,id0_id17_0006.mp4,1
1168,id3_id9_0000.mp4,1
1169,id0_id16_0006.mp4,1
1170,id10_id7_0007.mp4,1
1171,id4_id6_0009.mp4,1
1172,id4_id2_0003.mp4,1
1173,id16_id6_0011.mp4,1
1174,id16_id6_0005.mp4,1
1175,id0_id6_0001.mp4,1
1176,id11_id7_0001.mp4,1
1177,id4_id3_0003.mp4,1
1178,id11_id7_0005.mp4,1
1179,id3_id2_0003.mp4,1
1180,id3_id16_0003.mp4,1
1181,id3_id16_0006.mp4,1
1182,id3_id6_0009.mp4,1
1183,id3_id17_0002.mp4,1
1184,id7_id13_0009.mp4,1
1185,id7_id12_0009.mp4,1
1186,id10_id7_0002.mp4,1
1187,id10_id11_0004.mp4,1
1188,id4_id9_0000.mp4,1
1189,id13_id10_0015.mp4,1
1190,id13_id10_0001.mp4,1
1191,id1_id16_0009.mp4,1
1192,id9_id4_0001.mp4,1
1193,id1_id17_0009.mp4,1
1194,id17_id6_0007.mp4,1
1195,id2_id17_0009.mp4,1
1196,id6_id2_0009.mp4,1
1197,id2_id3_0001.mp4,1
1198,id6_id3_0009.mp4,1
1199,id13_id10_0004.mp4,1
1200,id2_id16_0009.mp4,1
1201,id4_id9_0005.mp4,1
1202,id11_id7_0006.mp4,1
